Wavelength (µm);Reflectance, Unpol. (%)
0.300;91.03826
0.310;90.28185
0.320;89.26125
0.330;87.86606
0.340;86.34269
0.350;84.83616
0.360;83.69009
0.370;83.0583
0.380;83.06733
0.390;83.62188
0.400;84.51561
0.410;85.55915
0.420;86.61151
0.430;87.55683
0.440;88.38417
0.450;89.12467
0.460;89.71448
0.470;90.187
0.480;90.59797
0.490;90.89577
0.500;91.09729
0.510;91.28408
0.520;91.38125
0.530;91.43698
0.540;91.46144
0.550;91.43838
0.560;91.37459
0.570;91.25508
0.580;91.1514
0.590;90.9621
0.600;90.77309
0.610;90.55115
0.620;90.27503
0.630;90.01376
0.640;89.71491
0.650;89.33546
0.660;88.9657
0.670;88.55206
0.680;88.12606
0.690;87.65452
0.700;87.16411
0.710;86.60501
0.720;86.02788
0.730;85.41378
0.740;84.73578
0.750;84.00426
0.760;83.22861
0.770;82.39492
0.780;81.52431
0.790;80.64591
0.800;79.789
0.810;79.01706
0.820;78.40282
0.830;77.98982
0.840;77.89668
0.850;78.05456
0.860;78.50151
0.870;79.16226
0.880;79.9617
0.890;81.49237
0.900;82.33861
0.910;83.18665
0.920;83.98219
0.930;84.70207
0.940;85.36733
0.950;85.97906
0.960;86.54156
0.970;87.03368
0.980;87.49447
0.990;87.90844
1.000;88.29532
1.010;88.6306
1.020;88.984
1.030;89.28466
1.040;89.54034
1.050;89.81399
1.060;90.06164
1.070;90.29291
1.080;90.50425
1.090;90.70178
1.100;90.86461
1.110;91.01877
1.120;91.19326
1.130;91.34828
1.140;91.4921
1.150;91.66197
1.160;91.80626
1.170;91.92376
1.180;92.01767
1.190;92.1613
1.200;92.2913
1.210;92.37965
1.220;92.47326
1.230;92.59236
1.240;92.70354
1.250;92.79728
1.260;92.88827
1.270;92.99756
1.280;93.1173
1.290;93.22262
1.300;93.2918
1.310;93.37079
1.320;93.45125
1.330;93.52112
1.340;93.5701
1.350;93.62306
1.360;93.77831
1.370;93.8812
1.380;93.92131
1.390;93.94865
1.400;93.99437
1.410;94.07442
1.420;94.14677
1.430;94.2173
1.440;94.27252
1.450;94.30258
1.460;94.35259
1.470;94.4575
1.480;94.57743
1.490;94.61175
1.500;94.66401
1.510;94.71007
1.520;94.74018
1.530;94.77923
1.540;94.83644
1.550;94.86443
1.560;94.8848
1.570;94.93219
1.580;94.99623
1.590;95.0401
1.600;95.07491
1.610;95.11235
1.620;95.12198
1.630;95.19183
1.640;95.20823
1.650;95.2483
1.660;95.30372
1.670;95.35783
1.680;95.43196
1.690;95.49238
1.700;95.56665
1.710;95.61333
1.720;95.64843
1.730;95.64925
1.740;95.66446
1.750;95.72458
1.760;95.74251
1.770;95.75124
1.780;95.7694
1.790;95.76062
1.800;95.78546
1.810;95.78067
1.820;95.81487
1.830;95.82786
1.840;95.88639
1.850;95.8892
1.860;95.89712
1.870;95.98357
1.880;95.99187
1.890;96.03097
1.900;96.02784
1.910;96.07508
1.920;96.12976
1.930;96.18523
1.940;96.26306
1.950;96.3059
1.960;96.31208
1.970;96.31453
1.980;96.29362
1.990;96.31098
2.000;96.31099
2.010;96.37394
2.020;96.39103
2.030;96.39721
2.040;96.4111
2.050;96.42144
2.060;96.45958
2.070;96.4707
2.080;96.53926
2.090;96.58145
2.100;96.58521
2.110;96.54409
2.120;96.5474
2.130;96.52337
2.140;96.53711
2.150;96.48647
2.160;96.4787
2.170;96.52525
2.180;96.51042
2.190;96.54127
2.200;96.51477
2.210;96.50152
2.220;96.52768
2.230;96.44328
2.240;96.52485
2.250;96.54725
2.260;96.61149
2.270;96.70362
2.280;96.73009
2.290;96.86431
2.300;96.89318
2.310;96.90935
2.320;96.96218
2.330;96.84949
2.340;96.81087
2.350;96.95328
2.360;96.98718
2.370;96.98653
2.380;96.98908
2.390;96.93776
2.400;96.99068
2.410;96.94109
2.420;97.02336
2.430;96.95212
2.440;97.07258
2.450;97.1189
2.460;97.15222
2.470;97.11217
2.480;97.20921
2.490;97.23469
2.500;97.17268
2.510;97.18791
2.520;97.0674
2.530;97.18477
2.540;97.10554
2.550;97.02024
2.560;96.76642
2.570;96.78704
2.580;96.64639
2.590;96.96394
2.600;97.17863
2.610;96.8827
2.620;96.90366
2.630;96.92431
2.640;96.94463
2.650;96.96463
2.660;96.98485
2.670;97.00421
2.680;97.02326
2.690;97.04252
2.700;97.06094
2.710;97.07906
2.720;97.09737
2.730;97.11488
2.739;97.1321
2.750;97.14949
2.760;97.16611
2.770;97.1829
2.780;97.19894
2.790;97.21513
2.800;97.2306
2.810;97.24621
2.820;97.26112
2.830;97.27616
2.839;97.29051
2.850;97.30499
2.859;97.3188
2.870;97.33272
2.880;97.34637
2.889;97.35938
2.900;97.37249
2.910;97.38533
2.919;97.39757
2.929;97.40988
2.940;97.42194
2.949;97.43342
2.959;97.44497
2.969;97.45626
2.980;97.4673
2.990;97.47809
3.000;97.48864
3.009;97.49866
3.019;97.50873
3.029;97.51855
3.039;97.52814
3.049;97.53749
3.059;97.54661
3.069;97.5555
3.079;97.56416
3.089;97.57259
3.099;97.5808
3.109;97.58878
3.119;97.59655
3.129;97.6041
3.139;97.61144
3.149;97.61856
3.159;97.62547
3.169;97.63235
3.179;97.63884
3.189;97.64512
3.199;97.6512
3.209;97.65709
3.219;97.66292
3.229;97.6684
3.239;97.67369
3.249;97.67892
3.259;97.68382
3.269;97.68854
3.279;97.69318
3.289;97.69752
3.299;97.70179
3.309;97.70576
3.319;97.70955
3.329;97.71326
3.339;97.7167
3.349;97.72005
3.359;97.72322
3.369;97.72614
3.379;97.72896
3.389;97.73154
3.399;97.73402
3.409;97.73633
3.419;97.73842
3.429;97.74041
3.439;97.74222
3.449;97.74388
3.459;97.74534
3.469;97.74668
3.479;97.74786
3.489;97.74889
3.499;97.74977
3.509;97.7505
3.519;97.75106
3.529;97.7515
3.539;97.75178
3.549;97.75193
3.559;97.75193
3.569;97.75179
3.579;97.75152
3.589;97.75109
3.599;97.75054
3.609;97.74985
3.619;97.74904
3.629;97.74809
3.639;97.74701
3.649;97.74578
3.659;97.74445
3.669;97.743
3.679;97.74142
3.689;97.73968
3.699;97.73786
3.709;97.73593
3.719;97.73382
3.729;97.73166
3.739;97.72932
3.749;97.72693
3.759;97.72436
3.769;97.72175
3.779;97.71896
3.789;97.71614
3.799;97.71313
3.809;97.71002
3.819;97.70689
3.829;97.70357
3.839;97.70015
3.849;97.69663
3.859;97.6931
3.869;97.68938
3.879;97.68557
3.889;97.68166
3.899;97.67766
3.909;97.67357
3.919;97.66939
3.929;97.66523
3.939;97.66087
3.949;97.65631
3.959;97.65178
3.969;97.64717
3.979;97.64247
3.989;97.63769
3.999;97.63284
4.009;97.62791
4.019;97.62277
4.029;97.61768
4.039;97.61252
4.049;97.60728
4.059;97.60184
4.069;97.59646
4.079;97.59087
4.089;97.58536
4.099;97.57978
4.109;97.57398
4.119;97.56827
4.129;97.56234
4.139;97.55636
4.149;97.55045
4.159;97.54434
4.169;97.53817
4.179;97.53209
4.189;97.5258
4.199;97.51945
4.209;97.51305
4.219;97.50659
4.229;97.50024
4.239;97.49367
4.249;97.48706
4.259;97.48039
4.269;97.47367
4.279;97.46691
4.289;97.4601
4.299;97.45307
4.309;97.44617
4.319;97.43923
4.329;97.43224
4.339;97.42521
4.349;97.41796
4.359;97.41085
4.369;97.4037
4.379;97.39633
4.389;97.38911
4.399;97.38167
4.409;97.37438
4.419;97.36686
4.429;97.3595
4.439;97.35193
4.449;97.3445
4.459;97.33686
4.469;97.32919
4.479;97.3215
4.489;97.31396
4.499;97.3062
4.509;97.29843
4.519;97.29062
4.529;97.28279
4.539;97.27494
4.549;97.26706
4.559;97.25917
4.569;97.25125
4.579;97.24331
4.588;97.23536
4.599;97.22719
4.609;97.2192
4.619;97.21119
4.628;97.20317
4.639;97.19493
4.648;97.18688
4.659;97.17862
4.668;97.17054
4.679;97.16225
4.688;97.15415
4.699;97.14584
4.709;97.13752
4.718;97.12939
4.729;97.12106
4.739;97.11271
4.749;97.10437
4.758;97.09621
4.768;97.08785
4.778;97.07948
4.788;97.07112
4.798;97.06275
4.808;97.05437
4.818;97.046
4.829;97.03742
4.838;97.02905
4.848;97.02067
4.858;97.0123
4.868;97.00373
4.878;96.99536
4.889;96.9868
4.898;96.97843
4.908;96.96988
4.918;96.96152
4.928;96.95298
4.938;96.94464
4.948;96.93611
4.958;96.92758
4.968;96.91907
4.978;96.91056
4.988;96.90226
4.998;96.89378
5.009;96.88505
5.018;96.87673
5.028;96.86841
5.038;96.86009
5.049;96.85114
5.058;96.84283
5.068;96.83452
5.078;96.82623
5.089;96.8173
5.098;96.80901
5.108;96.80074
5.118;96.79247
5.129;96.78357
5.138;96.77532
5.148;96.76707
5.158;96.75884
5.169;96.74998
5.178;96.74177
5.188;96.73357
5.198;96.72538
5.208;96.71657
5.218;96.70841
5.228;96.70026
5.238;96.69212
5.248;96.68337
5.258;96.67525
5.268;96.66716
5.279;96.65845
5.288;96.65039
5.298;96.64234
5.308;96.6343
5.318;96.62567
5.328;96.61767
5.338;96.60969
5.348;96.60172
5.358;96.59316
5.368;96.58524
5.378;96.57733
5.388;96.56883
5.398;96.56096
5.408;96.55311
5.418;96.54528
5.428;96.53687
5.438;96.52908
5.448;96.52132
5.458;96.51298
5.468;96.50525
5.478;96.49755
5.488;96.48929
5.498;96.48163
5.508;96.474
5.518;96.4664
5.528;96.45823
5.538;96.45067
5.548;96.44314
5.558;96.43505
5.568;96.42757
5.578;96.42011
5.588;96.41211
5.598;96.4047
5.608;96.39732
5.618;96.3894
5.628;96.38208
5.638;96.37478
5.648;96.36695
5.658;96.35971
5.668;96.35249
5.678;96.34475
5.688;96.33759
5.698;96.33046
5.708;96.32281
5.718;96.31574
5.728;96.3087
5.738;96.30115
5.748;96.29417
5.758;96.28721
5.768;96.27976
5.778;96.27287
5.788;96.26601
5.798;96.25865
5.808;96.25185
5.818;96.24509
5.828;96.23783
5.838;96.23113
5.847;96.22446
5.858;96.2173
5.868;96.2107
5.878;96.20362
5.888;96.19707
5.898;96.19056
5.908;96.18359
5.918;96.17715
5.927;96.17074
5.938;96.16387
5.948;96.15753
5.958;96.15073
5.968;96.14446
5.978;96.13822
5.988;96.13154
5.998;96.12536
6.008;96.11876
6.018;96.11265
6.028;96.10659
6.038;96.10009
6.048;96.09409
6.057;96.08813
6.068;96.08175
6.078;96.07586
6.088;96.06955
6.098;96.06373
6.108;96.0575
6.118;96.05175
6.127;96.04604
6.138;96.03993
6.148;96.03429
6.158;96.02825
6.168;96.02268
6.177;96.01715
6.188;96.01123
6.197;96.00578
6.208;95.99994
6.218;95.99455
6.228;95.9888
6.238;95.98349
6.247;95.97821
6.258;95.97257
6.267;95.96737
6.278;95.96181
6.288;95.95669
6.298;95.95121
6.308;95.94616
6.317;95.94114
6.328;95.93578
6.337;95.93085
6.348;95.92557
6.357;95.9207
6.368;95.91551
6.377;95.91072
6.388;95.9056
6.397;95.90089
6.408;95.89585
6.418;95.89122
6.427;95.88662
6.438;95.8817
6.447;95.87718
6.458;95.87235
6.467;95.8679
6.478;95.86315
6.487;95.85877
6.498;95.8541
6.507;95.84981
6.518;95.84522
6.527;95.841
6.538;95.83649
6.547;95.83234
6.558;95.82792
6.567;95.82385
6.578;95.8195
6.587;95.81551
6.598;95.81125
6.607;95.80733
6.618;95.80315
6.627;95.7993
6.638;95.7952
6.647;95.79143
6.658;95.78741
6.667;95.78372
6.678;95.77978
6.687;95.77616
6.698;95.7723
6.707;95.76876
6.717;95.76498
6.727;95.76151
6.737;95.75781
6.747;95.75441
6.757;95.75079
6.767;95.74747
6.777;95.74393
6.788;95.74044
6.797;95.73723
6.808;95.73381
6.817;95.73067
6.828;95.72733
6.837;95.72427
6.847;95.72101
6.857;95.71801
6.867;95.71483
6.877;95.71191
6.887;95.70881
6.898;95.70574
6.907;95.70293
6.917;95.69995
6.927;95.69721
6.937;95.6943
6.947;95.69163
6.957;95.6888
6.968;95.686
6.977;95.68344
6.987;95.68072
6.997;95.67823
7.007;95.67559
7.017;95.67317
7.027;95.6706
7.037;95.66807
7.047;95.66576
7.057;95.66331
7.067;95.66106
7.077;95.65868
7.087;95.65634
7.097;95.65419
7.107;95.65192
7.117;95.64985
7.127;95.64765
7.137;95.64549
7.147;95.64352
7.157;95.64143
7.167;95.63938
7.177;95.63751
7.187;95.63553
7.197;95.63372
7.207;95.63181
7.217;95.62994
7.227;95.62823
7.237;95.62643
7.247;95.62466
7.257;95.62305
7.267;95.62135
7.277;95.6198
7.287;95.61817
7.297;95.61658
7.307;95.61513
7.317;95.6136
7.327;95.6121
7.337;95.61075
7.347;95.60932
7.357;95.60792
7.367;95.60666
7.377;95.60533
7.387;95.60404
7.397;95.60286
7.407;95.60163
7.417;95.60044
7.427;95.59935
7.437;95.59822
7.447;95.59712
7.457;95.59612
7.467;95.59508
7.477;95.59408
7.487;95.5931
7.497;95.59222
7.507;95.59131
7.517;95.59043
7.527;95.58963
7.537;95.58881
7.547;95.58802
7.557;95.58731
7.567;95.58657
7.577;95.58587
7.587;95.5852
7.597;95.5846
7.607;95.58398
7.617;95.5834
7.627;95.58288
7.637;95.58235
7.647;95.58184
7.657;95.58137
7.667;95.58096
7.677;95.58054
7.687;95.58015
7.697;95.57979
7.707;95.57947
7.717;95.57917
7.727;95.57888
7.737;95.57863
7.747;95.57842
7.757;95.57821
7.767;95.57804
7.777;95.57789
7.787;95.57777
7.797;95.57767
7.807;95.5776
7.817;95.57755
7.826;95.57752
7.837;95.57752
7.847;95.57755
7.857;95.5776
7.867;95.57767
7.877;95.57776
7.887;95.57788
7.897;95.57802
7.907;95.57819
7.916;95.57837
7.927;95.57858
7.937;95.57882
7.947;95.57907
7.957;95.57936
7.967;95.57966
7.976;95.57996
7.987;95.58031
7.997;95.58067
8.007;95.58106
8.017;95.58147
8.026;95.58187
8.036;95.58232
8.047;95.58279
8.057;95.58328
8.067;95.5838
8.077;95.58433
8.086;95.58484
8.096;95.58541
8.107;95.586
8.117;95.58661
8.127;95.58723
8.137;95.58788
8.147;95.58854
8.156;95.58918
8.166;95.58987
8.177;95.59059
8.187;95.59133
8.197;95.59208
8.207;95.59285
8.217;95.59363
8.226;95.59438
8.236;95.5952
8.246;95.59603
8.256;95.59688
8.267;95.59775
8.277;95.59863
8.287;95.59953
8.297;95.60044
8.307;95.60137
8.316;95.60224
8.326;95.6032
8.336;95.60417
8.346;95.60515
8.356;95.60615
8.366;95.60716
8.377;95.60819
8.387;95.60923
8.397;95.61028
8.407;95.61134
8.417;95.61242
8.427;95.61351
8.436;95.61453
8.446;95.61565
8.456;95.61677
8.466;95.61791
8.476;95.61905
8.486;95.62021
8.496;95.62138
8.506;95.62256
8.516;95.62375
8.526;95.62495
8.536;95.62616
8.546;95.62738
8.556;95.62861
8.566;95.62985
8.576;95.6311
8.586;95.63236
8.596;95.63362
8.606;95.6349
8.617;95.63618
8.627;95.63747
8.637;95.63877
8.647;95.64008
8.657;95.64139
8.667;95.64271
8.676;95.64404
8.686;95.64537
8.696;95.64671
8.706;95.64806
8.716;95.64941
8.726;95.65077
8.736;95.65214
8.746;95.65351
8.756;95.65489
8.766;95.65627
8.776;95.65765
8.786;95.65905
8.796;95.66044
8.806;95.66184
8.816;95.66324
8.826;95.66465
8.836;95.66606
8.846;95.66748
8.856;95.6689
8.866;95.67032
8.876;95.67174
8.886;95.67317
8.897;95.6747
8.906;95.67613
8.916;95.67756
8.926;95.679
8.936;95.68043
8.946;95.68187
8.956;95.68331
8.966;95.68475
8.976;95.68619
8.986;95.68764
8.996;95.68908
9.006;95.69052
9.016;95.69207
9.026;95.69351
9.036;95.69495
9.046;95.69639
9.056;95.69784
9.066;95.69928
9.076;95.70071
9.086;95.70215
9.096;95.70359
9.106;95.70513
9.116;95.70656
9.126;95.70799
9.136;95.70942
9.146;95.71084
9.156;95.71227
9.166;95.71369
9.176;95.71521
9.186;95.71662
9.196;95.71803
9.206;95.71944
9.216;95.72084
9.226;95.72224
9.236;95.72373
9.246;95.72513
9.256;95.72651
9.266;95.72789
9.276;95.72927
9.286;95.73074
9.296;95.73211
9.306;95.73347
9.316;95.73482
9.326;95.73617
9.336;95.73761
9.346;95.73895
9.356;95.74028
9.366;95.74161
9.376;95.74293
9.386;95.74433
9.396;95.74564
9.406;95.74693
9.416;95.74822
9.426;95.7496
9.436;95.75087
9.446;95.75214
9.456;95.7534
9.466;95.75465
9.476;95.75598
9.486;95.75722
9.496;95.75844
9.506;95.75974
9.516;95.76095
9.526;95.76215
9.536;95.76334
9.546;95.7646
9.556;95.76577
9.566;95.76693
9.575;95.76808
9.586;95.76931
9.596;95.77043
9.606;95.77155
9.616;95.77274
9.626;95.77384
9.636;95.77493
9.646;95.77608
9.656;95.77715
9.666;95.7782
9.675;95.77924
9.686;95.78035
9.696;95.78136
9.705;95.78237
9.716;95.78344
9.726;95.78442
9.735;95.78539
9.746;95.78642
9.756;95.78736
9.766;95.78836
9.776;95.78928
9.786;95.79019
9.796;95.79114
9.806;95.79202
9.815;95.79289
9.826;95.7938
9.836;95.79464
9.845;95.79547
9.856;95.79633
9.865;95.79713
9.876;95.79797
9.886;95.79874
9.895;95.79949
9.906;95.80028
9.915;95.80101
9.926;95.80177
9.936;95.80246
9.945;95.80314
9.956;95.80385
9.965;95.8045
9.976;95.80518
9.985;95.80579
9.996;95.80644
10.006;95.80702
10.015;95.80759
10.026;95.80819
10.035;95.80872
10.046;95.80928
10.055;95.80979
10.066;95.81031
10.075;95.81078
10.086;95.81127
10.095;95.8117
10.106;95.81215
10.115;95.81256
10.126;95.81297
10.135;95.81334
10.145;95.81369
10.155;95.81405
10.165;95.81437
10.175;95.81469
10.185;95.81497
10.195;95.81525
10.206;95.81551
10.215;95.81574
10.226;95.81596
10.235;95.81615
10.246;95.81633
10.255;95.81649
10.266;95.81663
10.275;95.81675
10.286;95.81685
10.295;95.81693
10.306;95.817
10.315;95.81704
10.325;95.81706
10.336;95.81706
10.345;95.81704
10.356;95.81701
10.365;95.81695
10.375;95.81687
10.385;95.81678
10.395;95.81665
10.406;95.81651
10.415;95.81636
10.426;95.81617
10.435;95.81598
10.445;95.81575
10.456;95.8155
10.465;95.81525
10.475;95.81495
10.485;95.81466
10.495;95.81432
10.506;95.81396
10.515;95.81361
10.525;95.81321
10.536;95.81278
10.545;95.81236
10.555;95.8119
10.566;95.8114
10.575;95.81093
10.585;95.81039
10.595;95.80987
10.605;95.80929
10.615;95.80869
10.626;95.80806
10.635;95.80746
10.645;95.80679
10.655;95.80609
10.665;95.80542
10.675;95.80469
10.685;95.80392
10.695;95.80319
10.705;95.80239
10.715;95.80156
10.725;95.8007
10.735;95.79988
10.745;95.79898
10.755;95.79806
10.765;95.79718
10.775;95.79621
10.785;95.79522
10.795;95.7942
10.805;95.79323
10.815;95.79217
10.825;95.79109
10.835;95.78998
10.845;95.78892
10.855;95.78777
10.865;95.78659
10.875;95.78539
10.885;95.78416
10.895;95.783
10.905;95.78172
10.915;95.78043
10.925;95.77911
10.935;95.77777
10.945;95.77649
10.955;95.7751
10.965;95.77369
10.975;95.77225
10.985;95.77079
10.995;95.7693
11.005;95.7679
11.015;95.76636
11.025;95.76481
11.035;95.76323
11.045;95.76163
11.055;95.76
11.065;95.75846
11.075;95.75679
11.085;95.75509
11.095;95.75337
11.105;95.75163
11.115;95.74986
11.125;95.74807
11.135;95.74625
11.145;95.74441
11.155;95.74268
11.165;95.74079
11.175;95.73888
11.185;95.73695
11.195;95.735
11.205;95.73302
11.215;95.73101
11.225;95.72899
11.235;95.72694
11.245;95.72487
11.255;95.72277
11.265;95.72065
11.275;95.71851
11.285;95.71634
11.295;95.71415
11.305;95.71194
11.315;95.7097
11.325;95.70744
11.335;95.70516
11.345;95.70286
11.355;95.70053
11.365;95.69818
11.375;95.6958
11.385;95.69341
11.395;95.69099
11.405;95.68854
11.415;95.68608
11.425;95.68359
11.435;95.68108
11.445;95.67855
11.455;95.67599
11.465;95.67341
11.475;95.67081
11.485;95.66819
11.495;95.66555
11.505;95.66288
11.515;95.66019
11.525;95.65748
11.535;95.65475
11.544;95.65199
11.554;95.64921
11.565;95.64623
11.575;95.64341
11.585;95.64056
11.595;95.6377
11.605;95.63481
11.615;95.6319
11.625;95.62898
11.634;95.62603
11.644;95.62305
11.655;95.61986
11.665;95.61685
11.675;95.61381
11.685;95.61075
11.694;95.60768
11.704;95.60458
11.715;95.60125
11.725;95.59811
11.735;95.59495
11.745;95.59177
11.754;95.58857
11.764;95.58534
11.775;95.58188
11.785;95.57862
11.794;95.57534
11.804;95.57204
11.815;95.56849
11.825;95.56515
11.835;95.56179
11.844;95.5584
11.854;95.555
11.865;95.55135
11.875;95.54791
11.884;95.54445
11.894;95.54097
11.905;95.53724
11.914;95.53373
11.924;95.53019
11.935;95.5264
11.945;95.52282
11.954;95.51923
11.964;95.51562
11.975;95.51175
11.984;95.5081
11.994;95.50444
12.005;95.50051
12.014;95.49681
12.024;95.49309
12.035;95.48911
12.044;95.48535
12.054;95.48158
12.065;95.47754
12.074;95.47373
12.084;95.46991
12.095;95.46581
12.104;95.46196
12.115;95.45783
12.124;95.45393
12.134;95.45003
12.145;95.44584
12.154;95.4419
12.165;95.43769
12.174;95.43371
12.184;95.42973
12.194;95.42546
12.204;95.42144
12.215;95.41714
12.224;95.41309
12.235;95.40875
12.244;95.40467
12.254;95.40058
12.264;95.3962
12.274;95.39207
12.284;95.38766
12.294;95.38351
12.304;95.37906
12.314;95.37488
12.324;95.37041
12.334;95.3662
12.344;95.3617
12.354;95.35746
12.364;95.35293
12.374;95.34867
12.384;95.34411
12.394;95.33982
12.404;95.33524
12.414;95.33092
12.424;95.32631
12.435;95.32168
12.444;95.31733
12.454;95.31268
12.464;95.30831
12.474;95.30363
12.484;95.29923
12.494;95.29453
12.504;95.28982
12.514;95.28539
12.524;95.28065
12.534;95.2762
12.544;95.27144
12.554;95.26666
12.564;95.26218
12.574;95.25739
12.584;95.25259
12.594;95.24807
12.604;95.24325
12.614;95.23872
12.624;95.23387
12.634;95.22902
12.644;95.22446
12.654;95.21959
12.664;95.21471
12.674;95.20982
12.684;95.20522
12.694;95.20031
12.704;95.1954
12.714;95.19078
12.724;95.18585
12.734;95.18091
12.744;95.17596
12.754;95.17131
12.764;95.16635
12.774;95.16138
12.784;95.15641
12.794;95.15173
12.804;95.14674
12.814;95.14175
12.824;95.13674
12.834;95.13205
12.844;95.12703
12.854;95.12201
12.864;95.11699
12.874;95.11196
12.884;95.10692
12.894;95.1022
12.904;95.09715
12.914;95.0921
12.924;95.08705
12.934;95.08199
12.944;95.07693
12.954;95.07218
12.964;95.06711
12.974;95.06204
12.984;95.05697
12.994;95.05189
13.004;95.04681
13.014;95.04173
13.024;95.03664
13.034;95.03156
13.044;95.02647
13.054;95.0217
13.064;95.01661
13.074;95.01151
13.084;95.00642
13.094;95.00133
13.104;94.99623
13.114;94.99114
13.124;94.98604
13.134;94.98095
13.144;94.97585
13.154;94.97076
13.164;94.96566
13.174;94.96057
13.184;94.95548
13.194;94.95039
13.204;94.9453
13.214;94.94022
13.224;94.93513
13.234;94.93005
13.244;94.92497
13.253;94.91989
13.263;94.91481
13.274;94.90943
13.284;94.90436
13.294;94.89929
13.304;94.89423
13.314;94.88917
13.324;94.88412
13.334;94.87907
13.344;94.87403
13.353;94.86899
13.364;94.86364
13.374;94.85861
13.384;94.85358
13.394;94.84857
13.404;94.84355
13.413;94.83855
13.423;94.83355
13.434;94.82824
13.444;94.82325
13.454;94.81827
13.463;94.8133
13.473;94.80834
13.484;94.80307
13.494;94.79812
13.504;94.79318
13.513;94.78824
13.524;94.78301
13.534;94.77809
13.543;94.77318
13.553;94.76828
13.564;94.76309
13.574;94.75821
13.583;94.75334
13.594;94.74818
13.604;94.74333
13.613;94.73849
13.624;94.73336
13.634;94.72854
13.643;94.72373
13.653;94.71894
13.664;94.71385
13.673;94.70908
13.684;94.70403
13.694;94.69928
13.703;94.69454
13.714;94.68952
13.723;94.68481
13.733;94.68012
13.744;94.67514
13.753;94.67047
13.764;94.66552
13.773;94.66088
13.784;94.65597
13.793;94.65135
13.803;94.64675
13.813;94.64188
13.823;94.63731
13.834;94.63247
13.843;94.62794
13.854;94.62313
13.863;94.61862
13.874;94.61385
13.883;94.60938
13.893;94.60464
13.903;94.6002
13.913;94.5955
13.923;94.59109
13.933;94.58643
13.944;94.58179
13.953;94.57743
13.964;94.57283
13.973;94.56851
13.983;94.56394
13.993;94.55966
14.003;94.55514
14.014;94.55063
14.023;94.54641
14.033;94.54194
14.044;94.5375
14.053;94.53333
14.063;94.52893
14.074;94.52455
14.083;94.52045
14.093;94.51612
14.104;94.5118
14.113;94.50777
14.123;94.5035
14.133;94.49926
14.143;94.49528
14.153;94.49108
14.163;94.48691
14.174;94.48276
14.183;94.47888
14.193;94.47478
14.203;94.4707
14.213;94.46665
14.223;94.46286
14.233;94.45886
14.243;94.45488
14.253;94.45093
14.263;94.44701
14.273;94.44334
14.283;94.43947
14.293;94.43562
14.303;94.4318
14.313;94.42801
14.323;94.42425
14.333;94.42073
14.343;94.41702
14.353;94.41334
14.363;94.40969
14.373;94.40606
14.383;94.40247
14.393;94.3989
14.403;94.39536
14.413;94.39185
14.423;94.38837
14.433;94.38492
14.443;94.3815
14.453;94.37811
14.463;94.37475
14.473;94.37142
14.483;94.36813
14.493;94.36486
14.503;94.36162
14.513;94.35841
14.523;94.35524
14.533;94.3521
14.543;94.34898
14.553;94.3459
14.563;94.34286
14.573;94.33984
14.583;94.33686
14.593;94.33391
14.603;94.33099
14.613;94.3281
14.623;94.32525
14.633;94.32227
14.643;94.31948
14.653;94.31673
14.663;94.31402
14.673;94.31133
14.683;94.30868
14.693;94.30592
14.703;94.30334
14.713;94.3008
14.723;94.29829
14.733;94.29581
14.743;94.29323
14.753;94.29083
14.763;94.28847
14.773;94.28613
14.783;94.28371
14.793;94.28145
14.803;94.27923
14.813;94.27704
14.823;94.27477
14.833;94.27266
14.843;94.27058
14.853;94.26843
14.863;94.26643
14.873;94.26447
14.883;94.26243
14.893;94.26054
14.903;94.25859
14.913;94.25678
14.923;94.25501
14.933;94.25318
14.943;94.25148
14.953;94.24973
14.963;94.24812
14.973;94.24654
14.983;94.24491
14.993;94.24342
15.003;94.24187
15.013;94.24046
15.023;94.239
15.033;94.23766
15.043;94.23629
15.053;94.23503
15.063;94.23374
15.072;94.23257
15.083;94.23136
15.093;94.23021
15.103;94.22915
15.113;94.22808
15.123;94.22711
15.133;94.22613
15.143;94.22519
15.153;94.22434
15.163;94.22349
15.172;94.22273
15.183;94.22197
15.193;94.22125
15.202;94.22062
15.213;94.21999
15.223;94.2194
15.233;94.21887
15.242;94.2184
15.253;94.21796
15.263;94.21755
15.273;94.2172
15.282;94.21691
15.293;94.21664
15.303;94.21642
15.313;94.21625
15.322;94.21613
15.332;94.21605
15.343;94.21602
15.353;94.21603
15.363;94.21609
15.373;94.2162
15.382;94.21634
15.392;94.21654
15.402;94.21679
15.413;94.21708
15.423;94.21742
15.433;94.21781
15.443;94.21824
15.453;94.21873
15.463;94.21926
15.473;94.21983
15.483;94.22046
15.493;94.22113
15.503;94.22185
15.513;94.22262
15.523;94.22344
15.533;94.2243
15.543;94.22522
15.553;94.22618
15.563;94.22718
15.573;94.22824
15.582;94.22934
15.592;94.2305
15.602;94.2317
15.612;94.23294
15.622;94.23424
15.633;94.23566
15.643;94.23705
15.652;94.2385
15.662;94.23999
15.672;94.24153
15.682;94.24312
15.693;94.24484
15.702;94.24653
15.712;94.24826
15.722;94.25005
15.733;94.25198
15.742;94.25386
15.752;94.25579
15.762;94.25777
15.772;94.25991
15.782;94.26198
15.792;94.26411
15.802;94.2664
15.812;94.26862
15.822;94.27089
15.832;94.27334
15.842;94.27571
15.853;94.27826
15.862;94.28073
15.872;94.28325
15.882;94.28595
15.892;94.28857
15.902;94.29138
15.912;94.29409
15.922;94.297
15.932;94.29981
15.942;94.30282
15.952;94.30573
15.962;94.30885
15.972;94.31185
15.982;94.31507
15.992;94.31817
16.002;94.3215
16.012;94.32487
16.022;94.32812
16.032;94.33159
16.042;94.33512
16.052;94.33852
16.062;94.34215
16.072;94.34563
16.082;94.34936
16.092;94.35315
16.102;94.35698
16.112;94.36066
16.122;94.36459
16.132;94.36858
16.142;94.37262
16.152;94.37649
16.162;94.38062
16.172;94.38481
16.182;94.38904
16.192;94.39333
16.202;94.39744
16.212;94.40182
16.222;94.40626
16.232;94.41074
16.242;94.41528
16.252;94.41986
16.262;94.42449
16.272;94.42918
16.282;94.43391
16.292;94.43869
16.302;94.44326
16.312;94.44814
16.322;94.45306
16.332;94.45804
16.342;94.46332
16.352;94.4684
16.362;94.47352
16.372;94.47868
16.382;94.4839
16.392;94.48916
16.402;94.49447
16.412;94.49982
16.422;94.50523
16.432;94.51068
16.442;94.51646
16.452;94.52201
16.462;94.5276
16.472;94.53323
16.482;94.53891
16.492;94.54494
16.502;94.55072
16.512;94.55654
16.522;94.5624
16.532;94.56862
16.542;94.57458
16.552;94.58058
16.562;94.58694
16.572;94.59303
16.582;94.59916
16.592;94.60566
16.602;94.61188
16.612;94.61847
16.622;94.62478
16.632;94.63113
16.642;94.63786
16.652;94.6443
16.662;94.65111
16.671;94.65728
16.682;94.66464
16.693;94.67206
16.701;94.67766
16.712;94.68518
16.723;94.69276
16.731;94.69848
16.742;94.70615
16.753;94.71388
16.761;94.71972
16.772;94.72755
16.783;94.73543
16.791;94.74138
16.802;94.74936
16.813;94.75739
16.821;94.76345
16.832;94.77158
16.843;94.77976
16.851;94.78593
16.862;94.79421
16.873;94.80254
16.881;94.80882
16.892;94.81724
16.900;94.82359
16.911;94.8321
16.922;94.84066
16.930;94.84712
16.941;94.85577
16.952;94.86447
16.960;94.87103
16.971;94.87982
16.982;94.88866
16.990;94.89533
17.001;94.90425
17.012;94.91323
17.020;94.91999
17.031;94.92905
17.042;94.93815
17.050;94.94502
17.061;94.9542
17.072;94.96344
17.080;94.9704
17.091;94.97971
17.102;94.98907
17.110;94.99612
17.121;95.00556
17.132;95.01505
17.140;95.02219
17.151;95.03175
17.162;95.04135
17.170;95.04858
17.181;95.05826
17.192;95.06798
17.200;95.07529
17.211;95.08508
17.222;95.09491
17.230;95.10231
17.241;95.11221
17.252;95.12215
17.260;95.12963
17.271;95.13964
17.282;95.14968
17.290;95.15724
17.301;95.16735
17.312;95.1775
17.320;95.18513
17.331;95.19534
17.342;95.20558
17.350;95.21328
17.361;95.22359
17.372;95.23392
17.380;95.24169
17.391;95.25208
17.402;95.26251
17.410;95.27035
17.421;95.28082
17.432;95.29133
17.440;95.29923
17.451;95.30979
17.462;95.32037
17.470;95.32833
17.481;95.33897
17.492;95.34963
17.500;95.35764
17.511;95.36835
17.522;95.37908
17.533;95.38983
17.541;95.39791
17.552;95.40871
17.563;95.41953
17.571;95.42765
17.582;95.43851
17.593;95.44938
17.601;95.45755
17.612;95.46846
17.623;95.47939
17.631;95.48759
17.642;95.49855
17.653;95.50953
17.661;95.51777
17.672;95.52877
17.682;95.53978
17.691;95.54805
17.702;95.55909
17.712;95.57014
17.721;95.57844
17.731;95.58951
17.742;95.60059
17.751;95.6089
17.761;95.62
17.772;95.6311
17.780;95.63943
17.791;95.65055
17.802;95.66167
17.810;95.67001
17.821;95.68114
17.832;95.69227
17.840;95.70061
17.851;95.71175
17.862;95.72288
17.870;95.73123
17.881;95.74237
17.892;95.7535
17.900;95.76184
17.911;95.77297
17.922;95.78409
17.930;95.79243
17.941;95.80354
17.952;95.81465
17.960;95.82297
17.971;95.83406
17.982;95.84514
17.990;95.85344
18.001;95.86451
18.012;95.87556
18.020;95.88383
18.031;95.89486
18.042;95.90587
18.050;95.91412
18.061;95.9251
18.072;95.93606
18.082;95.94701
18.091;95.9552
18.101;95.96611
18.112;95.977
18.120;95.98515
18.131;95.996
18.142;96.00682
18.150;96.01492
18.161;96.02569
18.172;96.03644
18.180;96.04448
18.191;96.05518
18.202;96.06585
18.210;96.07382
18.221;96.08443
18.232;96.09501
18.240;96.10291
18.251;96.11343
18.262;96.1239
18.270;96.13173
18.281;96.14214
18.292;96.1525
18.300;96.16025
18.311;96.17054
18.322;96.18079
18.330;96.18844
18.341;96.19861
18.351;96.20873
18.360;96.21629
18.370;96.22632
18.381;96.2363
18.392;96.24623
18.400;96.25365
18.411;96.26348
18.422;96.27326
18.430;96.28056
18.441;96.29024
18.452;96.29986
18.460;96.30703
18.471;96.31654
18.482;96.32599
18.490;96.33303
18.501;96.34237
18.512;96.35163
18.520;96.35854
18.531;96.36768
18.542;96.37676
18.550;96.38352
18.561;96.39246
18.571;96.40134
18.580;96.40794
18.590;96.41668
18.601;96.42533
18.612;96.43391
18.620;96.44029
18.631;96.44872
18.642;96.45707
18.650;96.46328
18.661;96.47148
18.672;96.47958
18.680;96.4856
18.691;96.49355
18.702;96.50141
18.710;96.50724
18.721;96.51493
18.732;96.52252
18.740;96.52815
18.751;96.53556
18.761;96.54288
18.770;96.5483
18.780;96.55543
18.791;96.56245
18.799;96.56765
18.810;96.57449
18.821;96.58121
18.832;96.58783
18.840;96.59271
18.851;96.59912
18.862;96.60541
18.870;96.61005
18.881;96.61614
18.892;96.6221
18.900;96.62649
18.911;96.63223
18.921;96.63785
18.930;96.64198
18.940;96.64737
18.951;96.65262
18.959;96.65648
18.970;96.6615
18.981;96.66638
18.989;96.66996
19.000;96.6746
19.011;96.6791
19.022;96.68345
19.030;96.68662
19.041;96.69072
19.052;96.69467
19.060;96.69753
19.071;96.70121
19.081;96.70474
19.090;96.70729
19.100;96.71054
19.111;96.71363
19.119;96.71585
19.130;96.71866
19.141;96.7213
19.149;96.72317
19.160;96.72552
19.171;96.7277
19.182;96.7297
19.190;96.73109
19.201;96.73279
19.211;96.73431
19.220;96.73533
19.230;96.73653
19.241;96.73755
19.249;96.73819
19.260;96.73888
19.271;96.73938
19.279;96.73962
19.290;96.73979
19.301;96.73975
19.312;96.73952
19.320;96.73921
19.331;96.73862
19.341;96.73783
19.350;96.7371
19.360;96.73595
19.371;96.73458
19.379;96.73342
19.390;96.73168
19.401;96.72973
19.409;96.72812
19.420;96.72578
19.431;96.72321
19.439;96.72114
19.450;96.71818
19.461;96.71499
19.471;96.71157
19.480;96.70885
19.490;96.70502
19.501;96.70095
19.509;96.69774
19.520;96.69324
19.531;96.6885
19.539;96.68478
19.550;96.67961
19.561;96.67418
19.569;96.66995
19.580;96.66407
19.591;96.65794
19.601;96.65155
19.610;96.64658
19.620;96.63972
19.631;96.6326
19.639;96.62707
19.650;96.61947
19.661;96.6116
19.669;96.60551
19.680;96.59714
19.691;96.5885
19.701;96.57957
19.710;96.57268
19.720;96.56324
19.731;96.55351
19.739;96.54602
19.750;96.53578
19.761;96.52523
19.769;96.51712
19.780;96.50604
19.791;96.49466
19.799;96.48591
19.810;96.47398
19.820;96.46174
19.831;96.44918
19.839;96.43955
19.850;96.42642
19.861;96.41297
19.869;96.40267
19.880;96.38864
19.891;96.37428
19.899;96.36329
19.910;96.34834
19.921;96.33305
19.931;96.31741
19.939;96.30546
19.950;96.28921
19.961;96.27262
19.969;96.25994
19.980;96.24271
19.991;96.22513
19.999;96.21171
