Lambda;avg
400;69.7701432
405;70.803945
410;71.9278976
415;73.2226972
420;74.5559504
425;75.9291866
430;77.3105136
435;78.659304
440;80.0392268
445;81.2933624
450;82.5004896
455;83.6453346
460;84.6986638
465;85.651286
470;86.5241186
475;87.3399702
480;88.0657204
485;88.7114498
490;89.303396
495;89.818306
500;90.32151
505;90.7794198
510;91.1274814
515;91.5210872
520;91.7956138
525;92.0976538
530;92.3978452
535;92.6161342
540;92.8548478
545;93.0558624
550;93.21841
555;93.3991582
560;93.5183944
565;93.7012278
570;93.8182216
575;93.9147338
580;93.9961122
585;94.1337456
590;94.2115984
595;94.2990102
600;94.3882498
605;94.410555
610;94.5180018
615;94.5422514
620;94.5797812
625;94.6735508
630;94.7357374
635;94.7235352
640;94.7809546
645;94.8359736
650;94.822232
655;94.8693892
660;94.9164368
665;94.9328602
670;94.9199688
675;94.9843
680;94.9706534
685;94.9973394
690;95.0133606
695;95.055374
700;95.0294914
705;95.034759
710;95.0572088
715;95.0685724
720;95.0664376
725;95.0189764
730;95.0459672
735;95.0569176
740;95.0270318
745;95.0519084
750;95.0759076
755;95.0256164
760;95.0362198
765;95.0388378
770;95.0107212
775;94.9830394
780;95.036673
785;94.9748178
790;94.9529476
795;94.9179644
800;94.934224
805;94.9027208
810;94.9485606
815;94.9265688
820;94.8547208
825;94.8547038
830;94.8498326
835;94.9089862
840;94.815206
845;94.7836484
850;94.7935628
855;94.8138232
860;94.7236624
865;94.8117204
870;94.748481
875;94.6800992
880;94.6963538
885;94.6330426
890;94.6330426
895;94.1712078
900;94.2341718
905;94.09005
910;94.7203078
915;94.574545
920;94.4010954
925;94.452107
930;94.5816636
935;94.486836
940;94.4632742
945;94.2895026
950;94.1405042
955;94.1356212
960;94.255832
965;94.2235686
970;94.2024484
975;94.184944
980;94.2277804
985;94.1360784
990;94.086581
995;94.0198168
1000;94.2322974
1005;94.2593026
1010;94.1691964
1015;94.1547976
1020;94.1255432
1025;94.1320078
1030;94.0853172
1035;94.0672878
1040;94.1284036
1045;94.155881
1050;94.188484
1055;94.0775946
1060;94.1070956
1065;94.1527604
1070;94.1277576
1075;94.1253364
1080;94.0992828
1085;94.1840134
1090;94.199443
1095;94.2229236
1100;94.2678148
1105;94.300879
1110;94.271349
1115;94.2374852
1120;94.275469
1125;94.2496256
1130;94.2459094
1135;94.2573234
1140;94.3609094
1145;94.3970842
1150;94.427636
1155;94.4253512
1160;94.334322
1165;94.3793134
1170;94.48349
1175;94.4377512
1180;94.4351754
1185;94.4538134
1190;94.4562928
1195;94.508628
1200;94.5513312
1205;94.582404
1210;94.6270654
1215;94.6383284
1220;94.6331372
1225;94.684592
1230;94.7450538
1235;94.757142
1240;94.7634014
1245;94.7313338
1250;94.8288264
1255;94.9061618
1260;94.9169598
1265;94.9322024
1270;94.9409486
1275;94.995713
1280;95.0003132
1285;95.0183294
1290;95.0214096
1295;94.9681132
1300;95.0242898
1305;95.0957466
1310;95.1187326
1315;95.1478376
1320;95.1792656
1325;95.2520934
1330;95.2609218
1335;95.2674592
1340;95.2943962
1345;95.2973168
1350;95.3130864
1355;95.3741932
1360;95.4313728
1365;95.446636
1370;95.4398512
1375;95.5298708
1380;95.641248
1385;95.5967578
1390;95.5735828
1395;95.5967686
1400;95.5696384
1405;95.57554
1410;95.614532
1415;95.663358
1420;95.7795506
1425;95.803839
1430;95.758624
1435;95.7391556
1440;95.744652
1445;95.842131
1450;95.9063654
1455;95.9070754
1460;95.9715066
1465;95.9585482
1470;95.8931334
1475;95.9959794
1480;96.0665886
1485;96.0479106
1490;96.0580846
1495;96.0701234
1500;96.1149062
1505;96.1474528
1510;96.1461776
1515;96.1985758
1520;96.2432902
1525;96.2660904
1530;96.3514212
1535;96.3741148
1540;96.31652
1545;96.340825
1550;96.3183314
1555;96.3109072
1560;96.357051
1565;96.453584
1570;96.4253008
1575;96.4257062
1580;96.4497708
1585;96.4372704
1590;96.3772798
1595;96.4289188
1600;96.4688246
1605;96.5709932
1610;96.5317554
1615;96.486368
1620;96.5083202
1625;96.563307
1630;96.593085
1635;96.5609874
1640;96.6098258
1645;96.6049368
1650;96.5523908
1655;96.6638294
1660;96.7616054
1665;96.6773934
1670;96.7332444
1675;96.7732706
1680;96.6937208
1685;96.8276252
1690;96.8939346
1695;96.7191598
1700;96.6783568
1705;96.821901
1710;96.919279
1715;96.836769
1720;96.8788854
1725;96.9875124
1730;96.963251
1735;97.0937932
1740;97.0467232
1745;97.02455
1750;97.071344
1755;97.0566544
1760;97.185496
1765;97.0269534
1770;97.0607432
1775;97.1259732
1780;97.0807692
1785;97.172217
1790;97.0404786
1795;97.094884
1800;97.140249
1805;97.192589
1810;97.0786436
1815;97.064281
1820;97.3923484
1825;97.2881272
1830;97.214261
1835;97.0557676
1840;97.1133706
1845;97.376049
1850;97.3665018
1855;97.3117248
1860;97.399268
1865;97.1389472
1870;97.3653934
1875;97.3010406
1880;97.2914988
1885;97.4316786
1890;97.1668234
1895;97.2895334
1900;97.1916674
1905;97.2186248
1910;97.14016
1915;97.1289226
1920;97.3278102
1925;97.198559
1930;97.3553684
1935;97.352649
1940;97.2741156
1945;97.3620608
1950;97.5719356
1955;97.4974622
1960;97.5071222
1965;97.7353456
1970;97.6773386
1975;97.6262368
1980;97.5200416
1985;97.6749618
1990;97.4703778
1995;97.6892226
2000;97.6617156
2005;97.5435714
2010;97.7350082
2015;97.6828504
2020;97.7877752
2025;97.5427196
2030;97.273135
2035;97.3664834
2040;97.4996064
2045;97.860659
2050;97.5588772
2055;97.602249
2060;97.3331814
2065;97.4365714
2070;97.6424718
2075;97.6774144
2080;97.7280576
2085;97.6421684
2090;97.6694182
2095;97.8155968
2100;97.9852556
2105;97.9717852
2110;97.8337304
2115;98.1652212
2120;97.7286272
2125;97.6676544
2130;97.9269738
2135;97.916402
2140;97.7807696
2145;97.8147144
2150;97.8017486
2155;97.7284372
2160;97.7537196
2165;98.0898538
2170;98.2473646
2175;97.8389028
2180;97.9143386
2185;97.6025694
2190;97.5173434
2195;97.8858726
2200;97.8182154
2205;97.6833642
2210;97.678462
2215;97.4120784
2220;97.825918
2225;97.6068478
2230;98.5099278
2235;98.0918634
2240;97.9067554
2245;98.1738874
2250;97.902174
2255;98.0203398
2260;97.8634746
2265;98.0380894
2270;97.7421528
2275;97.7458224
2280;97.5292004
2285;98.1300068
2290;97.9076052
2295;98.3155964
2300;98.309174
2305;98.687233
2310;98.1757078
2315;98.5866866
2320;97.8969968
2325;98.295178
2330;97.8960702
2335;98.8400882
2340;98.0203988
2345;97.7666594
2350;97.8444486
2355;98.1788854
2360;98.7105768
2365;97.7569612
2370;97.4480066
2375;98.1630624
2380;98.2350482
2385;97.6066664
2390;98.1543394
2395;98.2847464
2400;98.6553288
2405;98.1772926
2410;98.0425892
2415;98.140404
2420;98.7246992
2425;98.0943668
2430;97.911825
2435;98.5930906
2440;97.2835576
2445;96.7859278
2450;98.9374562
2455;97.9663192
2460;98.7271506
2465;97.3966346
2470;97.6787342
2475;98.6228744
2480;99.101668
2485;98.0977116
2490;98.630334
2495;97.457993
2500;98.3202134
